TID;Value;FromParticipantId;FromAccountId;ToParticipantId;ToAccountId;Linkcode;ArrivalTimes
1;18225330.59;4;3;5;3;571;
2;79601632.68;1;0;3;0;413;
3;12764455.61;8;0;2;0;362;
4;47918790.59;7;1;4;1;307;
5;41959175.1;4;2;8;2;730;
6;68141695.52;8;0;6;0;4;2024-01-01 01:16:41.897661
7;57412915.01;3;1;7;1;262;
8;52121372.38;1;0;3;0;317;
9;12260323.28;3;0;4;0;6;2024-01-01 02:06:43.779383
10;27645984.53;4;3;6;3;451;
11;17589355.17;5;1;4;1;546;
12;18057758.05;7;2;5;2;210;
13;8760427.49;5;2;7;2;96;2024-01-01 12:29:05.453347
14;37927843.92;4;2;1;2;516;
15;58512289.82;8;3;2;3;446;
16;13629890.83;3;2;7;2;738;
17;67255133.57;4;0;3;0;537;
18;64475099.91;8;0;7;0;249;
19;67685011.66;2;2;4;2;522;
20;37169592.29;4;0;1;0;461;
21;33557255.21;6;2;3;2;495;
22;25874298.83;5;0;2;0;636;
23;21532373.17;7;1;1;1;519;
24;27578672.22;5;1;6;1;149;2024-01-01 16:38:41.514918
25;3542118.94;4;2;6;2;202;
26;42416606.27;3;2;7;2;637;
27;9351472.24;7;0;4;0;640;
28;33478529.41;2;1;3;1;576;
29;27807056.22;4;2;1;2;325;
30;13964685.0;7;0;2;0;436;
31;55917706.54;1;3;7;3;159;2024-01-01 16:58:10.209498
32;26735369.58;5;2;3;2;664;
33;52114845.71;2;0;3;0;63;2024-01-01 09:42:02.854220
34;42919900.3;7;0;6;0;88;2024-01-01 11:36:41.169630
35;7570263.06;7;3;5;3;684;
36;20061648.5;2;0;6;0;361;
37;31088429.9;4;0;8;0;580;
38;42989051.48;7;0;1;0;663;
39;89375548.21;5;1;4;1;720;
40;44642256.77;8;0;3;0;113;2024-01-01 14:01:49.652724
41;49211613.59;7;0;8;0;583;
42;64056029.36;4;0;6;0;486;
43;19511271.41;7;0;4;0;681;
44;16810638.33;2;1;3;1;19;2024-01-01 06:44:11.139959
45;43144868.51;3;3;7;3;288;
46;8811118.82;2;2;6;2;567;
47;30282416.33;5;3;3;3;578;
48;7276453.91;7;1;5;1;316;
49;50558067.81;7;2;1;2;198;2024-01-01 23:15:52.300984
50;5132046.82;6;0;2;0;381;
51;29636115.49;3;2;1;2;128;2024-01-01 15:26:48.464447
52;19856555.46;8;3;3;3;601;
53;43215109.68;1;2;2;2;739;
54;44804191.85;2;3;8;3;672;
55;41673803.5;6;3;1;3;193;2024-01-01 20:30:39.559892
56;37282535.81;3;0;7;0;289;
57;38235931.64;4;0;8;0;47;2024-01-01 09:08:27.403857
58;14754777.01;3;0;6;0;367;
59;6539237.02;7;2;6;2;1;2024-01-01 00:08:56.400770
60;80246582.11;1;2;4;2;429;
61;33557255.21;3;0;6;0;495;
62;25076035.3;8;3;5;3;119;2024-01-01 14:41:54.499729
63;13023382.26;7;2;3;2;552;
64;58512289.82;2;0;8;0;446;
65;5357845.22;4;1;5;1;524;
66;79601632.68;3;1;1;1;413;
67;17643466.64;5;3;1;3;638;
68;66200854.58;2;0;6;0;148;2024-01-01 16:38:40.629486
69;16759183.63;7;3;6;3;721;
70;51293849.48;8;0;5;0;115;2024-01-01 14:13:40.468667
71;55038049.25;1;0;4;0;31;2024-01-01 08:22:54.760601
72;74578535.55;1;2;4;2;403;
73;41955357.29;4;0;1;0;107;2024-01-01 13:28:44.435618
74;86147351.23;1;0;7;0;470;
75;41828120.77;8;0;5;0;292;
76;23352551.43;5;0;2;0;177;2024-01-01 17:36:39.171841
77;14159340.58;4;2;3;2;424;
78;29817126.61;7;0;5;0;507;
79;31496897.16;5;1;1;1;691;
80;18800461.84;5;0;3;0;676;
81;18200516.56;3;0;4;0;533;
82;47498217.58;6;1;2;1;719;
83;51736464.28;1;0;7;0;581;
84;60488475.08;4;0;2;0;333;
85;14367013.6;2;2;6;2;163;2024-01-01 17:03:23.418799
86;68227649.1;8;0;7;0;154;2024-01-01 16:44:30.795060
87;31138544.39;3;3;6;3;106;2024-01-01 13:24:34.676619
88;4878099.15;6;0;1;0;622;
89;68441923.66;3;2;8;2;165;2024-01-01 17:04:36.734543
90;40188588.64;7;0;3;0;92;2024-01-01 12:02:56.431796
91;7930111.23;2;2;8;2;308;
92;31088429.9;8;2;4;2;580;
93;73441240.94;2;0;1;0;434;
94;25412834.57;4;0;3;0;357;
95;15123576.37;4;2;6;2;494;
96;40563203.15;8;0;3;0;641;
97;40844413.25;7;0;3;0;69;2024-01-01 10:13:10.683517
98;38955419.2;1;2;8;2;311;
99;35451500.94;7;0;8;0;314;
100;48005914.43;3;1;4;1;124;2024-01-01 15:13:02.474790
101;94932192.79;1;0;3;0;700;
102;34503223.71;8;1;3;1;242;
103;49933730.46;7;0;5;0;526;
104;63942736.58;7;3;4;3;108;2024-01-01 13:29:58.774361
105;20742889.45;7;0;4;0;346;
106;22213869.59;1;1;5;1;266;
107;59040825.87;1;0;7;0;708;
108;20586165.64;8;1;2;1;577;
109;62673681.73;2;2;1;2;723;
110;91306306.95;4;0;2;0;710;
111;39007355.48;2;0;7;0;430;
112;74197293.74;3;2;2;2;231;
113;56219671.95;6;3;7;3;626;
114;6539237.02;6;0;7;0;1;2024-01-01 00:14:32.661532
115;81306444.55;3;2;4;2;455;
116;24542323.18;6;2;3;2;487;
117;54652834.67;7;0;8;0;175;2024-01-01 17:31:13.975424
118;31936448.37;1;0;3;0;395;
119;73002790.83;2;0;4;0;415;
120;7352438.86;5;0;1;0;565;
121;86373731.72;4;0;7;0;408;
122;78780810.77;1;0;5;0;682;
123;26797763.42;8;1;3;1;256;
124;5357845.22;5;0;4;0;524;
125;47120990.52;4;0;8;0;287;
126;53999684.98;3;2;8;2;11;2024-01-01 04:16:23.716470
127;7940194.06;5;0;8;0;315;
128;56545804.45;4;0;8;0;727;
129;59038518.46;5;1;4;1;474;
130;24012124.66;5;0;8;0;505;
131;63075163.87;1;2;2;2;542;
132;20030881.26;2;3;1;3;399;
133;23714821.35;5;1;8;1;212;
134;24257886.96;5;1;1;1;37;2024-01-01 08:41:46.555092
135;15921354.09;5;0;8;0;416;
136;61940413.4;2;2;7;2;283;
137;20781216.02;6;0;8;0;379;
138;15314072.66;3;0;5;0;425;
139;20098390.83;5;0;7;0;336;
140;21998273.76;2;1;3;1;711;
141;35516597.37;3;0;8;0;200;2024-01-01 23:32:39.187943
142;29056996.77;6;0;7;0;102;2024-01-01 13:12:43.956769
143;53896327.73;8;0;1;0;103;2024-01-01 13:18:29.406843
144;33651324.26;3;0;1;0;704;
145;51286652.48;3;1;4;1;53;2024-01-01 09:20:56.018516
146;39554522.81;2;0;3;0;397;
147;70840445.32;4;0;5;0;331;
148;19511271.41;4;1;7;1;681;
149;45916110.5;8;1;4;1;224;
150;37169592.29;1;2;4;2;461;
151;18361949.08;2;0;6;0;10;2024-01-01 04:07:17.786055
152;53662039.31;7;1;2;1;215;
153;47852356.58;5;1;8;1;521;
154;10145849.59;7;3;5;3;58;2024-01-01 09:32:00.075779
155;59253720.27;1;0;6;0;286;
156;48770268.85;7;3;1;3;228;
157;4878099.15;1;3;6;3;622;
158;78780810.77;5;2;1;2;682;
159;76054636.74;3;1;4;1;633;
160;5604067.75;3;3;5;3;584;
161;30830986.65;6;2;7;2;142;2024-01-01 16:18:56.643292
162;66415835.31;7;0;6;0;213;
163;16214215.96;3;0;4;0;697;
164;24159057.74;1;0;8;0;523;
165;42491120.62;8;0;6;0;344;
166;23881680.97;8;1;5;1;329;
167;24717880.46;6;0;2;0;13;2024-01-01 04:57:14.991454
168;12220144.69;1;1;6;1;59;2024-01-01 09:33:02.338169
169;11171122.89;6;0;5;0;121;2024-01-01 15:00:24.735797
170;46833392.3;2;0;3;0;297;
171;18052574.99;7;0;2;0;38;2024-01-01 08:43:44.969365
172;35950188.43;8;2;4;2;74;2024-01-01 10:39:40.585540
173;41959175.1;8;0;4;0;730;
174;5996911.82;3;0;1;0;294;
175;22697205.54;6;2;8;2;389;
176;26162699.14;2;3;3;3;248;
177;12821387.97;3;3;5;3;632;
178;15621684.99;5;0;4;0;490;
179;77632107.01;4;0;1;0;726;
180;46303811.76;8;0;1;0;645;
181;56606109.39;5;2;1;2;141;2024-01-01 16:18:37.368153
182;12735701.58;4;0;8;0;466;
183;53999684.98;8;0;3;0;11;2024-01-01 04:26:13.181012
184;24400420.2;6;3;2;3;457;
185;26946043.92;8;1;3;1;383;
186;19135529.41;5;1;6;1;162;2024-01-01 17:01:03.385524
187;6845299.38;5;0;1;0;607;
188;29281143.86;8;0;6;0;26;2024-01-01 08:05:12.298189
189;37593705.7;7;0;8;0;604;
190;44967652.82;2;0;3;0;740;
191;4120464.95;8;3;5;3;321;
192;52526202.18;2;2;7;2;529;
193;19856555.46;3;0;8;0;601;
194;55917706.54;7;0;1;0;159;2024-01-01 16:58:18.099544
195;11217734.93;6;0;4;0;627;
196;25622162.39;4;0;3;0;642;
197;34054985.58;7;3;8;3;264;
198;20016056.48;2;1;6;1;312;
199;32456634.99;5;3;8;3;532;
200;41480601.41;6;2;4;2;300;
201;89940064.28;1;0;7;0;377;
202;20361132.39;8;0;5;0;561;
203;18272043.45;3;0;1;0;220;
204;41789242.88;7;3;1;3;701;
205;81217992.46;4;0;8;0;493;
206;77683314.97;3;3;1;3;147;2024-01-01 16:34:36.121291
207;13746103.33;8;0;7;0;270;
208;68077145.67;8;3;4;3;214;
209;36376669.09;3;0;1;0;320;
210;74578535.55;4;0;1;0;403;
211;5690995.73;3;0;5;0;746;
212;24850710.98;2;1;3;1;508;
213;16920417.5;5;1;6;1;665;
214;25588699.11;4;3;3;3;569;
215;29817126.61;5;1;7;1;507;
216;39277014.22;2;3;7;3;693;
217;80652605.6;4;3;1;3;477;
218;5651288.92;6;0;3;0;593;
219;18495513.36;4;0;1;0;744;
220;95821769.94;1;0;7;0;628;
221;20612488.98;1;3;3;3;310;
222;80371530.15;2;0;1;0;749;
223;12665935.23;1;0;5;0;702;
224;81217992.46;8;2;4;2;493;
225;53148809.61;4;0;2;0;530;
226;16106912.43;2;0;4;0;556;
227;24159057.74;8;2;1;2;523;
228;24673781.38;4;0;6;0;579;
229;72323779.02;8;0;5;0;51;2024-01-01 09:17:58.181317
230;22759902.05;5;3;2;3;234;
231;11979386.97;8;2;6;2;298;
232;64745298.77;4;2;2;2;291;
233;11960282.82;5;0;8;0;732;
234;14047588.88;3;3;6;3;35;2024-01-01 08:34:42.487256
235;12316332.4;5;3;3;3;232;
236;51635862.16;6;1;2;1;479;
237;22659733.22;5;0;1;0;170;2024-01-01 17:16:38.281941
238;10869014.06;7;0;1;0;588;
239;15674903.78;2;3;3;3;736;
240;89375548.21;4;0;5;0;720;
241;13964685.0;2;2;7;2;436;
242;70108836.27;7;0;6;0;743;
243;27368111.89;1;0;3;0;196;2024-01-01 22:34:09.830526
244;26162699.14;3;0;2;0;248;
245;53805560.91;2;0;7;0;629;
246;34210611.74;5;2;8;2;566;
247;7940194.06;8;3;5;3;315;
248;39277014.22;7;0;2;0;693;
249;78145266.63;1;1;2;1;65;2024-01-01 09:44:31.260575
250;9403670.74;3;0;2;0;197;2024-01-01 22:54:22.336547
251;4554928.07;1;2;3;2;392;
252;45357387.12;6;2;4;2;472;
253;66671511.85;8;0;5;0;275;
254;49455034.94;8;0;2;0;337;
255;4800470.39;6;0;7;0;353;
256;7274696.46;3;0;5;0;49;2024-01-01 09:13:23.383822
257;28160621.17;2;3;7;3;394;
258;35192920.94;1;2;3;2;285;
259;12669231.82;5;0;7;0;243;
260;31949994.14;6;1;8;1;241;
261;40697831.41;4;3;1;3;712;
262;44269400.33;2;2;7;2;191;2024-01-01 19:28:56.668237
263;66619406.77;3;3;7;3;574;
264;19912879.22;6;0;7;0;670;
265;31323806.6;3;0;4;0;192;2024-01-01 20:08:54.154157
266;11506021.61;3;2;5;2;589;
267;30915195.91;3;2;7;2;324;
268;24222498.35;2;3;3;3;363;
269;40844413.25;3;2;7;2;69;2024-01-01 10:07:18.641328
270;64384059.92;1;0;8;0;722;
271;30282416.33;3;0;5;0;578;
272;58557373.73;4;0;5;0;619;
273;40188588.64;3;3;7;3;92;2024-01-01 12:02:37.161099
274;89985903.01;1;0;6;0;517;
275;94932192.79;3;3;1;3;700;
276;21988993.71;7;1;5;1;352;
277;29927907.71;6;0;1;0;573;
278;59729494.78;7;0;2;0;489;
279;41735508.35;3;3;8;3;299;
280;55343155.47;8;1;2;1;406;
281;27295960.36;2;2;6;2;244;
282;20909451.95;1;1;5;1;236;
283;33763479.65;3;0;7;0;94;2024-01-01 12:20:53.672776
284;31449357.86;2;3;7;3;203;
285;7055321.0;1;1;6;1;305;
286;11489913.58;7;1;2;1;219;
287;23371918.1;3;0;6;0;646;
288;22125563.64;2;2;7;2;327;
289;12712669.85;5;0;6;0;134;2024-01-01 16:00:12.751753
290;18116062.68;3;0;2;0;306;
291;11406555.86;1;3;5;3;225;
292;60095506.07;1;0;3;0;714;
293;51635862.16;2;0;6;0;479;
294;91306306.95;2;2;4;2;710;
295;70803835.6;5;3;2;3;605;
296;29207826.56;8;3;6;3;506;
297;62309920.3;4;1;2;1;699;
298;26891919.56;3;0;8;0;158;2024-01-01 16:56:48.998416
299;77635020.77;8;1;2;1;444;
300;68803573.07;2;2;8;2;594;
301;14020585.99;6;0;2;0;401;
302;48834674.93;4;0;5;0;80;2024-01-01 11:08:52.003207
303;68227649.1;7;1;8;1;154;2024-01-01 16:43:23.467097
304;81306444.55;4;0;3;0;455;
305;32391132.49;3;0;4;0;496;
306;17069836.34;7;1;8;1;575;
307;41923812.05;2;0;3;0;592;
308;24081353.67;2;3;6;3;122;2024-01-01 15:03:15.542301
309;82145091.0;4;0;5;0;370;
310;55071001.05;8;0;6;0;595;
311;29992117.92;4;1;3;1;393;
312;24323109.25;4;0;8;0;568;
313;17638113.78;6;2;1;2;599;
314;27439530.89;3;3;1;3;407;
315;5132046.82;2;2;6;2;381;
316;23714821.35;8;0;5;0;212;
317;15831487.73;8;0;2;0;157;2024-01-01 16:55:27.413247
318;66379414.75;6;3;2;3;449;
319;11960282.82;8;1;5;1;732;
320;25412834.57;3;2;4;2;357;
321;62234951.05;1;0;7;0;706;
322;64953329.24;1;0;7;0;427;
323;18841171.21;5;0;2;0;358;
324;12744355.28;5;0;8;0;458;
325;11874222.78;3;0;5;0;463;
326;10876848.26;2;3;8;3;70;2024-01-01 10:15:23.503204
327;54258531.79;2;2;7;2;71;2024-01-01 10:16:50.043144
328;91393626.22;1;0;6;0;18;2024-01-01 06:21:54.144037
329;48191718.05;8;1;7;1;417;
330;17638311.4;5;0;7;0;384;
331;103281362.61;4;0;7;0;356;
332;15220164.55;4;2;5;2;613;
333;40684355.27;8;0;5;0;86;2024-01-01 11:28:16.318668
334;64423735.49;2;0;6;0;44;2024-01-01 09:01:46.473085
335;82174150.56;8;2;1;2;443;
336;12636561.97;7;3;8;3;662;
337;45916110.5;4;0;8;0;224;
338;15297947.08;7;2;3;2;485;
339;23692760.34;6;0;7;0;459;
340;64508183.46;1;0;2;0;268;
341;32391132.49;4;3;3;3;496;
342;39286064.22;7;2;8;2;541;
343;10326314.21;8;0;1;0;450;
344;7499784.84;6;0;2;0;412;
345;37282535.81;7;2;3;2;289;
346;15126976.86;5;2;1;2;334;
347;45357387.12;4;0;6;0;472;
348;10142015.44;8;3;5;3;420;
349;36622821.31;3;3;1;3;257;
350;8551608.91;8;0;4;0;343;
351;76036040.28;1;0;4;0;695;
352;8551608.91;4;1;8;1;343;
353;62562114.79;8;1;4;1;118;2024-01-01 14:32:59.012195
354;23807825.27;5;0;6;0;555;
355;76593478.42;4;0;2;0;282;
356;23360881.25;1;0;2;0;332;
357;12636561.97;8;0;7;0;662;
358;20742889.45;4;2;7;2;346;
359;58057680.89;7;1;8;1;597;
360;15503966.23;5;3;2;3;716;
361;65732938.09;4;1;8;1;656;
362;24205440.89;3;2;5;2;659;
363;7917078.36;8;2;5;2;195;2024-01-01 21:29:55.521279
364;6146397.17;5;0;7;0;464;
365;28924126.24;8;2;2;2;502;
366;77442318.45;5;3;2;3;651;
367;57892237.0;7;0;8;0;246;
368;18767222.44;8;2;6;2;562;
369;36054068.95;3;0;7;0;98;2024-01-01 12:38:32.462882
370;25214142.67;8;3;1;3;570;
371;54887766.77;8;0;4;0;296;
372;23560688.84;2;1;3;1;81;2024-01-01 11:09:17.528553
373;16155974.89;6;3;2;3;93;2024-01-01 12:07:29.193639
374;76612544.94;8;0;5;0;609;
375;50340721.39;7;3;4;3;729;
376;64624667.17;7;2;4;2;189;2024-01-01 17:58:11.218884
377;65573805.83;2;3;4;3;318;
378;33020113.53;1;1;7;1;391;
379;14135433.25;8;0;2;0;127;2024-01-01 15:26:16.592340
380;19720794.4;6;2;1;2;467;
381;4800470.39;7;3;6;3;353;
382;16214215.96;4;2;3;2;697;
383;9260219.16;3;0;5;0;247;
384;51036479.86;5;2;7;2;277;
385;63443805.8;8;0;6;0;21;2024-01-01 07:22:33.565539
386;36784040.04;4;3;3;3;432;
387;48815655.34;4;2;2;2;387;
388;65005932.79;5;2;1;2;238;
389;12761268.82;5;0;8;0;138;2024-01-01 16:12:21.920412
390;58373629.08;8;0;6;0;32;2024-01-01 08:23:31.944463
391;68833079.94;7;1;1;1;396;
392;55618658.1;6;2;2;2;349;
393;6845299.38;1;3;5;3;607;
394;58557373.73;5;3;4;3;619;
395;56545804.45;8;3;4;3;727;
396;33651324.26;1;2;3;2;704;
397;11202150.89;6;3;5;3;179;2024-01-01 17:41:49.570640
398;7230827.65;1;3;5;3;608;
399;40251904.96;2;0;3;0;339;
400;20085043.75;6;0;2;0;199;2024-01-01 23:28:17.602343
401;11398336.24;5;0;3;0;527;
402;40639521.07;2;0;1;0;99;2024-01-01 12:45:41.254064
403;11906857.21;5;0;6;0;130;2024-01-01 15:36:54.427771
404;6052208.96;6;0;7;0;222;
405;76036040.28;4;2;1;2;695;
406;11467925.67;4;2;5;2;462;
407;20392349.8;2;0;1;0;176;2024-01-01 17:34:21.164049
408;59729494.78;2;1;7;1;489;
409;16612038.22;8;2;5;2;201;
410;24549944.31;3;3;1;3;373;
411;26797763.42;3;0;8;0;256;
412;20909451.95;5;0;1;0;236;
413;65284215.16;1;3;8;3;596;
414;58528798.05;2;0;3;0;245;
415;32497618.61;7;1;1;1;454;
416;14551661.06;1;3;5;3;553;
417;33020113.53;7;0;1;0;391;
418;59197896.22;1;0;5;0;235;
419;54827593.23;6;1;8;1;460;
420;10951970.92;1;2;5;2;350;
421;63942736.58;4;0;7;0;108;2024-01-01 13:37:32.420183
422;36744111.43;5;3;3;3;688;
423;69368934.94;2;2;1;2;374;
424;40704649.69;7;0;6;0;355;
425;51036479.86;7;0;5;0;277;
426;20361132.39;5;3;8;3;561;
427;11629122.42;3;0;1;0;419;
428;20016056.48;6;0;2;0;312;
429;74368472.59;6;3;8;3;22;2024-01-01 07:27:36.755428
430;18225740.61;3;2;6;2;615;
431;63715856.02;7;0;1;0;190;2024-01-01 18:35:41.726965
432;8819448.27;8;0;4;0;345;
433;24824146.03;4;0;8;0;167;2024-01-01 17:08:04.715559
434;11306152.56;8;0;5;0;364;
435;46303811.76;1;3;8;3;645;
436;18494852.57;2;0;4;0;209;
437;73258304.73;2;1;8;1;371;
438;4600948.62;2;1;6;1;136;2024-01-01 16:07:14.368644
439;19974732.59;5;0;2;0;624;
440;17069836.34;8;0;7;0;575;
441;31084213.77;3;0;2;0;669;
442;25188211.72;7;2;3;2;531;
443;40704649.69;6;2;7;2;355;
444;10900200.4;1;1;5;1;617;
445;49211613.59;8;2;7;2;583;
446;14367013.6;6;0;2;0;163;2024-01-01 17:03:56.072308
447;59522271.74;5;2;1;2;269;
448;43144868.51;7;0;3;0;288;
449;49673691.85;6;2;4;2;156;2024-01-01 16:51:23.199724
450;17138024.66;5;2;3;2;484;
451;25975277.04;8;2;3;2;360;
452;39554522.81;3;1;2;1;397;
453;80371530.15;1;2;2;2;749;
454;14159340.58;3;0;4;0;424;
455;53071068.14;8;0;4;0;273;
456;15062755.12;4;0;5;0;709;
457;58373629.08;6;3;8;3;32;2024-01-01 08:23:28.593334
458;10326314.21;1;1;8;1;450;
459;81254925.85;7;2;4;2;390;
460;20416545.69;3;2;4;2;545;
461;65573805.83;4;0;2;0;318;
462;42741944.26;3;2;4;2;440;
463;53136710.25;8;0;2;0;72;2024-01-01 10:31:09.918065
464;46833392.3;3;1;2;1;297;
465;65367325.4;2;0;7;0;631;
466;17138024.66;3;0;5;0;484;
467;31949994.14;8;0;6;0;241;
468;23371918.1;6;2;3;2;646;
469;36266860.88;7;0;4;0;216;
470;11467925.67;5;0;4;0;462;
471;25097827.95;7;3;4;3;55;2024-01-01 09:23:31.061218
472;8084159.66;3;2;8;2;733;
473;5737253.38;3;0;4;0;208;
474;34759604.62;5;2;3;2;675;
475;62234951.05;7;3;1;3;706;
476;9807289.44;5;0;7;0;174;2024-01-01 17:26:35.272944
477;26193719.24;6;0;8;0;155;2024-01-01 16:50:33.876554
478;25874298.83;2;2;5;2;636;
479;59019213.52;8;2;4;2;668;
480;49672644.98;7;3;4;3;678;
481;16588272.75;7;1;5;1;409;
482;21571406.82;1;1;3;1;538;
483;18483730.44;8;2;2;2;171;2024-01-01 17:16:49.537456
484;15220164.55;5;0;4;0;613;
485;29105159.89;6;0;5;0;509;
486;88055511.98;7;2;4;2;278;
487;29904797.45;4;0;3;0;9;2024-01-01 03:32:17.394789
488;7387938.44;3;0;8;0;657;
489;54613859.47;7;0;3;0;666;
490;20996585.78;5;0;4;0;85;2024-01-01 11:20:27.757138
491;15164117.92;8;3;4;3;56;2024-01-01 09:24:51.395758
492;17589355.17;4;0;5;0;546;
493;34344364.88;7;0;8;0;351;
494;44046160.14;1;0;5;0;50;2024-01-01 09:14:24.635993
495;65544116.13;4;0;7;0;67;2024-01-01 09:54:59.463046
496;66771979.67;4;0;2;0;501;
497;27368111.89;3;1;1;1;196;2024-01-01 22:14:19.269121
498;5866256.72;7;3;5;3;309;
499;68796955.48;4;2;1;2;528;
500;48050487.51;1;1;4;1;515;
501;11246217.61;8;0;6;0;123;2024-01-01 15:12:57.804938
502;11516115.44;2;2;8;2;263;
503;8951018.79;7;0;5;0;614;
504;47192390.85;2;0;8;0;348;
505;16759183.63;6;0;7;0;721;
506;56606109.39;1;0;5;0;141;2024-01-01 16:18:50.600001
507;6574494.53;3;0;5;0;187;2024-01-01 17:56:29.588479
508;21823299.74;7;3;6;3;250;
509;24205440.89;5;0;3;0;659;
510;15831487.73;2;1;8;1;157;2024-01-01 16:53:31.569315
511;58961739.74;6;2;4;2;544;
512;49673691.85;4;0;6;0;156;2024-01-01 16:51:23.461157
513;5212257.53;8;3;6;3;8;2024-01-01 02:21:51.949492
514;53006643.09;5;2;1;2;75;2024-01-01 10:42:42.896873
515;31880705.38;5;3;4;3;559;
516;54635023.24;3;2;4;2;153;2024-01-01 16:40:53.437320
517;35516597.37;8;2;3;2;200;2024-01-01 23:29:55.056658
518;34054985.58;8;0;7;0;264;
519;68884253.19;7;0;1;0;254;
520;8232458.08;8;3;6;3;303;
521;45503511.26;8;2;1;2;60;2024-01-01 09:36:02.207297
522;47192390.85;8;3;2;3;348;
523;23198289.26;2;2;8;2;233;
524;6448903.42;4;2;3;2;112;2024-01-01 13:56:59.611326
525;26903406.79;8;3;2;3;503;
526;28150961.92;1;2;3;2;591;
527;40639521.07;1;1;2;1;99;2024-01-01 12:43:30.649232
528;74368472.59;8;0;6;0;22;2024-01-01 07:34:33.260651
529;7666601.56;1;3;6;3;558;
530;9879751.47;3;0;1;0;184;2024-01-01 17:49:58.116541
531;12761268.82;8;3;5;3;138;2024-01-01 16:11:20.409841
532;20612488.98;3;0;1;0;310;
533;24222498.35;3;0;2;0;363;
534;60391184.73;2;2;7;2;66;2024-01-01 09:51:52.524963
535;16155974.89;2;0;6;0;93;2024-01-01 12:08:54.493117
536;7979838.5;2;2;5;2;634;
537;6146397.17;7;1;5;1;464;
538;57196693.49;7;0;2;0;217;
539;77632107.01;1;1;4;1;726;
540;62293315.42;1;3;2;3;616;
541;92026570.65;4;0;8;0;39;2024-01-01 08:45:30.169594
542;14195332.51;5;0;8;0;62;2024-01-01 09:40:54.691849
543;57987387.85;2;0;4;0;549;
544;18800461.84;3;2;5;2;676;
545;15034195.23;6;0;4;0;423;
546;8996881.13;7;0;5;0;402;
547;77635020.77;2;0;8;0;444;
548;29904797.45;3;1;4;1;9;2024-01-01 03:28:38.541723
549;7917078.36;5;0;8;0;195;2024-01-01 22:05:04.007182
550;11202150.89;5;0;6;0;179;2024-01-01 17:42:33.109950
551;30525644.33;3;2;2;2;456;
552;68884253.19;1;1;7;1;254;
553;20392349.8;1;1;2;1;176;2024-01-01 17:32:35.049869
554;22236420.31;5;0;7;0;747;
555;19135936.08;6;0;5;0;151;2024-01-01 16:40:16.662844
556;52114845.71;3;1;2;1;63;2024-01-01 09:41:08.813497
557;25208056.06;1;2;5;2;644;
558;16305563.19;7;0;1;0;376;
559;16106912.43;4;3;2;3;556;
560;51583921.08;8;0;3;0;469;
561;7959877.59;5;3;8;3;3;2024-01-01 00:36:34.362134
562;19932958.17;1;3;5;3;43;2024-01-01 08:57:20.709880
563;66200854.58;6;2;2;2;148;2024-01-01 16:37:13.685159
564;23831931.32;1;1;8;1;97;2024-01-01 12:30:31.923245
565;8972197.88;7;0;8;0;342;
566;30525644.33;2;0;3;0;456;
567;41923812.05;3;2;2;2;592;
568;83513677.2;1;0;2;0;557;
569;15932870.57;8;3;5;3;620;
570;74285006.42;4;0;3;0;322;
571;25832003.03;8;0;7;0;281;
572;9606482.99;6;0;3;0;514;
573;6074838.46;6;0;8;0;12;2024-01-01 04:51:49.237439
574;61407834.65;6;3;7;3;690;
575;68183219.37;8;1;1;1;696;
576;22403271.89;3;0;1;0;737;
577;41431034.47;4;0;2;0;431;
578;72360949.0;1;0;6;0;366;
579;11246217.61;6;1;8;1;123;2024-01-01 15:10:45.720867
580;50937340.43;7;3;4;3;116;2024-01-01 14:13:54.466270
581;27772661.84;3;2;1;2;606;
582;14035549.95;7;0;2;0;400;
583;16810638.33;3;0;2;0;19;2024-01-01 06:45:58.830100
584;66914957.29;7;3;4;3;411;
585;14042196.43;5;2;7;2;258;
586;48834674.93;5;3;4;3;80;2024-01-01 11:05:29.327235
587;20722767.2;4;2;6;2;473;
588;65544116.13;7;2;4;2;67;2024-01-01 09:52:05.308985
589;21998273.76;3;0;2;0;711;
590;9797224.93;8;0;1;0;347;
591;50643036.56;3;2;2;2;48;2024-01-01 09:08:29.221506
592;40697831.41;1;0;4;0;712;
593;88102480.68;4;0;7;0;335;
594;40674021.96;8;0;1;0;359;
595;11506021.61;5;0;3;0;589;
596;56219671.95;7;0;6;0;626;
597;12607164.69;4;3;6;3;132;2024-01-01 15:45:55.722139
598;10526639.32;3;0;5;0;57;2024-01-01 09:28:53.579494
599;11004468.06;8;0;7;0;150;2024-01-01 16:39:38.259595
600;9072169.7;3;0;7;0;703;
601;13670130.46;5;0;6;0;748;
602;81254925.85;4;0;7;0;390;
603;19135936.08;5;2;6;2;151;2024-01-01 16:40:03.143618
604;48005914.43;4;0;3;0;124;2024-01-01 15:16:34.268585
605;16920417.5;6;0;5;0;665;
606;91710107.55;1;0;5;0;512;
607;48050487.51;4;0;1;0;515;
608;54613859.47;3;3;7;3;666;
609;21847676.91;8;0;2;0;372;
610;42954421.2;2;0;3;0;46;2024-01-01 09:06:52.583808
611;51736464.28;7;1;1;1;581;
612;31084213.77;2;2;3;2;669;
613;9320245.19;2;3;6;3;221;
614;29207826.56;6;0;8;0;506;
615;22274185.03;6;3;7;3;735;
616;15743342.62;6;0;8;0;410;
617;12665935.23;5;2;1;2;702;
618;62193739.34;2;0;3;0;535;
619;24323109.25;8;3;4;3;568;
620;67920827.6;8;2;7;2;478;
621;7237704.97;6;0;1;0;660;
622;62340377.15;8;0;5;0;481;
623;11906857.21;6;1;5;1;130;2024-01-01 15:33:53.276584
624;31880705.38;4;0;5;0;559;
625;54652834.67;8;1;7;1;175;2024-01-01 17:28:48.379554
626;19974732.59;2;1;5;1;624;
627;44642256.77;3;3;8;3;113;2024-01-01 14:00:07.206926
628;14035549.95;2;2;7;2;400;
629;67685011.66;4;0;2;0;522;
630;22213869.59;5;0;1;0;266;
631;27772661.84;1;0;3;0;606;
632;57894726.88;4;0;5;0;447;
633;42706343.76;6;2;2;2;414;
634;79011961.74;3;2;2;2;95;2024-01-01 12:27:44.113653
635;78952687.3;1;0;6;0;564;
636;27035809.83;7;0;6;0;625;
637;42954421.2;3;3;2;3;46;2024-01-01 09:05:07.175838
638;41790722.62;3;3;1;3;643;
639;11086554.79;7;3;3;3;488;
640;60118233.87;1;0;2;0;206;
641;27376728.7;5;1;6;1;386;
642;103281362.61;7;3;4;3;356;
643;85451686.07;4;0;5;0;437;
644;72579942.04;1;0;8;0;649;
645;30923105.05;7;0;3;0;468;
646;25208056.06;5;0;1;0;644;
647;22891875.61;5;0;6;0;586;
648;72360949.0;6;1;1;1;366;
649;80481619.73;1;0;4;0;354;
650;20416545.69;4;0;3;0;545;
651;26229154.89;7;0;5;0;536;
652;20781216.02;8;2;6;2;379;
653;35926734.22;7;1;3;1;647;
654;58528798.05;3;1;2;1;245;
655;9027953.23;2;1;5;1;689;
656;15191941.99;7;3;4;3;144;2024-01-01 16:22:58.934980
657;15123576.37;6;0;4;0;494;
658;37593705.7;8;2;7;2;604;
659;30793234.48;4;0;6;0;543;
660;70864036.21;7;2;1;2;126;2024-01-01 15:19:46.681293
661;64884550.33;2;3;4;3;42;2024-01-01 08:54:39.054929
662;12712669.85;6;3;5;3;134;2024-01-01 15:58:11.430666
663;38575248.2;7;1;8;1;68;2024-01-01 10:00:39.285933
664;71343102.15;2;0;4;0;648;
665;15297947.08;3;0;7;0;485;
666;59413694.44;2;0;6;0;465;
667;12263717.06;5;0;3;0;602;
668;11171122.89;5;3;6;3;121;2024-01-01 14:57:42.784820
669;29056996.77;7;2;6;2;102;2024-01-01 13:00:03.153419
670;34525369.05;3;0;8;0;2;2024-01-01 00:19:26.296966
671;14011116.03;5;0;6;0;498;
672;62293315.42;2;0;1;0;616;
673;53136710.25;2;1;8;1;72;2024-01-01 10:28:23.612107
674;37927843.92;1;0;4;0;516;
675;45823972.98;8;0;7;0;418;
676;30595552.72;3;0;1;0;483;
677;40228992.08;7;1;4;1;378;
678;49098900.41;2;0;8;0;41;2024-01-01 08:52:43.431352
679;52658547.78;7;0;5;0;560;
680;41735508.35;8;0;3;0;299;
681;25832003.03;7;3;8;3;281;
682;29105159.89;5;2;6;2;509;
683;63715856.02;1;1;7;1;190;2024-01-01 18:09:33.920191
684;34759604.62;3;0;5;0;675;
685;21532373.17;1;0;7;0;519;
686;18818354.32;5;0;4;0;539;
687;20030881.26;1;0;2;0;399;
688;23807825.27;6;1;5;1;555;
689;26735369.58;3;0;5;0;664;
690;31246060.23;3;0;2;0;707;
691;11516115.44;8;0;2;0;263;
692;30830986.65;7;0;6;0;142;2024-01-01 16:19:19.027048
693;41865600.48;2;0;5;0;388;
694;21847676.91;2;2;8;2;372;
695;31323806.6;4;3;3;3;192;2024-01-01 19:49:48.077035
696;40684355.27;5;1;8;1;86;2024-01-01 11:25:53.537586
697;24687086.47;7;2;3;2;140;2024-01-01 16:15:28.321134
698;65367325.4;7;1;2;1;631;
699;39176380.88;2;0;6;0;52;2024-01-01 09:19:47.104194
700;10951970.92;5;0;1;0;350;
701;30922880.22;2;0;7;0;725;
702;25529225.49;6;2;4;2;110;2024-01-01 13:48:01.906590
703;36622821.31;1;0;3;0;257;
704;20098390.83;7;2;5;2;336;
705;20851967.66;1;2;5;2;87;2024-01-01 11:28:35.345252
706;28727693.43;8;1;3;1;623;
707;26901352.92;6;0;5;0;73;2024-01-01 10:37:23.782017
708;91284043.97;6;1;1;1;255;
709;48191718.05;7;0;8;0;417;
710;39286064.22;8;0;7;0;541;
711;62673681.73;1;0;2;0;723;
712;31138544.39;6;0;3;0;106;2024-01-01 13:25:12.519161
713;19824392.2;3;1;5;1;398;
714;23640402.8;6;3;5;3;368;
715;15314072.66;5;1;3;1;425;
716;57987387.85;4;3;2;3;549;
717;58499993.63;8;3;7;3;639;
718;37302788.08;4;1;7;1;328;
719;8760427.49;7;0;5;0;96;2024-01-01 12:30:17.794318
720;7762597.65;1;3;6;3;78;2024-01-01 11:02:59.477702
721;62224473.97;4;0;3;0;30;2024-01-01 08:20:45.449221
722;77442318.45;2;0;5;0;651;
723;75573109.41;3;3;4;3;295;
724;47918790.59;4;0;7;0;307;
725;11824872.37;3;0;7;0;497;
726;59233522.12;6;3;7;3;685;
727;44967652.82;3;1;2;1;740;
728;35192920.94;3;0;1;0;285;
729;67920827.6;7;0;8;0;478;
730;70566350.27;8;2;7;2;480;
731;7387938.44;8;3;3;3;657;
732;7499784.84;2;3;6;3;412;
733;88055511.98;4;0;7;0;278;
734;62562114.79;4;0;8;0;118;2024-01-01 14:37:54.131799
735;66619406.77;7;0;3;0;574;
736;52131550.6;1;1;8;1;218;
737;24684172.12;7;1;6;1;476;
738;55038049.25;4;1;1;1;31;2024-01-01 08:22:50.727629
739;54635023.24;4;0;3;0;153;2024-01-01 16:41:15.748654
740;23094838.4;8;0;5;0;724;
741;13629890.83;7;0;3;0;738;
742;67718144.47;1;0;4;0;319;
743;14047588.88;6;0;3;0;35;2024-01-01 08:36:20.113437
744;17370992.11;8;0;1;0;475;
745;76054636.74;4;0;3;0;633;
746;42027327.55;2;0;4;0;421;
747;68547300.58;1;3;4;3;426;
748;23692760.34;7;1;6;1;459;
749;14551661.06;5;0;1;0;553;
750;52121372.38;3;2;1;2;317;
751;47946754.96;8;0;6;0;323;
752;16676715.2;4;2;5;2;239;
753;7879819.69;3;0;8;0;504;
754;5215751.78;6;0;5;0;253;
755;91284043.97;1;0;6;0;255;
756;12676736.71;1;1;3;1;679;
757;74197293.74;2;0;3;0;231;
758;66671511.85;5;2;8;2;275;
759;62224473.97;3;3;4;3;30;2024-01-01 08:20:39.537179
760;18139156.65;8;1;5;1;185;2024-01-01 17:51:09.841476
761;45503511.26;1;0;8;0;60;2024-01-01 09:36:07.645340
762;64745298.77;2;0;4;0;291;
763;44046160.14;5;2;1;2;50;2024-01-01 09:13:25.541397
764;65982335.63;4;0;2;0;650;
765;24815196.8;5;0;3;0;90;2024-01-01 11:56:55.890557
766;39879359.01;7;1;1;1;680;
767;66771979.67;2;3;4;3;501;
768;52658547.78;5;2;7;2;560;
769;85499154.12;6;3;4;3;301;
770;23560688.84;3;0;2;0;81;2024-01-01 11:10:11.353785
771;22759902.05;2;0;5;0;234;
772;22854455.35;5;0;4;0;223;
773;33478529.41;3;0;2;0;576;
774;15164117.92;4;0;8;0;56;2024-01-01 09:25:14.308999
775;91393626.22;6;3;1;3;18;2024-01-01 06:13:31.644943
776;69075632.24;4;0;2;0;40;2024-01-01 08:47:06.223824
777;31752882.57;4;0;5;0;139;2024-01-01 16:15:10.584090
778;35926734.22;3;0;7;0;647;
779;8503984.09;1;2;6;2;692;
780;42919900.3;6;1;7;1;88;2024-01-01 11:35:29.132770
781;34517627.77;2;2;4;2;713;
782;38722013.17;6;1;4;1;435;
783;20996585.78;4;3;5;3;85;2024-01-01 11:19:44.099352
784;78145266.63;2;0;1;0;65;2024-01-01 09:49:02.298349
785;76612544.94;5;2;8;2;609;
786;18200516.56;4;3;3;3;533;
787;19824392.2;5;0;3;0;398;
788;35215938.35;3;0;6;0;611;
789;80246582.11;4;0;1;0;429;
790;31246060.23;2;1;3;1;707;
791;65982335.63;2;3;4;3;650;
792;53071068.14;4;1;8;1;273;
793;66379414.75;2;0;6;0;449;
794;14195332.51;8;1;5;1;62;2024-01-01 09:39:22.672244
795;32497618.61;1;0;7;0;454;
796;65624261.66;4;0;1;0;104;2024-01-01 13:20:44.740418
797;26946043.92;3;0;8;0;383;
798;34322725.5;6;2;7;2;500;
799;42027327.55;4;3;2;3;421;
800;17383304.84;7;2;3;2;183;2024-01-01 17:48:19.438992
801;14501349.4;6;2;2;2;554;
802;25209064.27;6;0;8;0;84;2024-01-01 11:17:34.471314
803;6580709.73;3;3;5;3;111;2024-01-01 13:52:23.619194
804;12819908.44;6;0;5;0;548;
805;37302788.08;7;0;4;0;328;
806;10996301.17;6;0;3;0;405;
807;14135433.25;2;2;8;2;127;2024-01-01 15:23:11.291021
808;6158645.48;8;3;5;3;267;
809;27376728.7;6;0;5;0;386;
810;54887766.77;4;3;8;3;296;
811;68141695.52;6;2;8;2;4;2024-01-01 01:03:59.431620
812;19912879.22;7;2;6;2;670;
813;41143375.72;6;3;4;3;146;2024-01-01 16:32:53.984852
814;12238245.29;5;0;8;0;745;
815;62309920.3;2;0;4;0;699;
816;70732335.19;4;0;1;0;271;
817;5690995.73;5;1;3;1;746;
818;30545817.12;6;3;3;3;24;2024-01-01 08:02:03.729740
819;54040030.63;8;0;3;0;101;2024-01-01 12:49:57.529834
820;6448903.42;3;0;4;0;112;2024-01-01 13:59:13.480433
821;7879819.69;8;2;3;2;504;
822;67046790.42;7;0;1;0;612;
823;22429362.32;6;0;4;0;652;
824;24407450.91;5;0;4;0;717;
825;54040030.63;3;1;8;1;101;2024-01-01 12:49:21.669499
826;15358099.34;3;0;6;0;563;
827;4554928.07;3;0;1;0;392;
828;59253720.27;6;3;1;3;286;
829;23352551.43;2;1;5;1;177;2024-01-01 17:35:50.425382
830;92026570.65;8;3;4;3;39;2024-01-01 08:45:19.585708
831;53148809.61;2;1;4;1;530;
832;50402131.41;8;0;1;0;590;
833;10788042.8;8;0;4;0;715;
834;44804191.85;8;0;2;0;672;
835;24012124.66;8;1;5;1;505;
836;49149504.86;6;2;1;2;188;2024-01-01 17:56:56.303885
837;17906830.76;5;0;2;0;547;
838;25214142.67;1;0;8;0;570;
839;27181710.04;5;2;7;2;673;
840;82174150.56;1;0;8;0;443;
841;89985903.01;6;3;1;3;517;
842;9027953.23;5;0;2;0;689;
843;95821769.94;7;3;1;3;628;
844;23881680.97;5;0;8;0;329;
845;15920455.17;2;1;5;1;750;
846;18057758.05;5;0;7;0;210;
847;18052574.99;2;1;7;1;38;2024-01-01 08:43:20.897827
848;21823299.74;6;0;7;0;250;
849;31752882.57;5;2;4;2;139;2024-01-01 16:14:12.275674
850;78952687.3;6;1;1;1;564;
851;66588284.77;8;1;7;1;635;
852;41564186.73;7;0;3;0;7;2024-01-01 02:20:51.787585
853;76593478.42;2;3;4;3;282;
854;24850710.98;3;0;2;0;508;
855;55343155.47;2;0;8;0;406;
856;61940413.4;7;0;2;0;283;
857;24372442.4;3;0;4;0;77;2024-01-01 11:00:05.610741
858;57894726.88;5;1;4;1;447;
859;22835028.24;6;0;7;0;587;
860;68991351.77;2;3;7;3;510;
861;69454658.88;6;3;8;3;205;
862;26544684.4;3;2;8;2;653;
863;52131550.6;8;0;1;0;218;
864;68796955.48;1;0;4;0;528;
865;55618658.1;2;0;6;0;349;
866;29927907.71;1;3;6;3;573;
867;85451686.07;5;1;4;1;437;
868;2956022.39;5;0;6;0;365;
869;17383304.84;3;0;7;0;183;2024-01-01 17:49:02.931439
870;29134085.26;4;0;2;0;492;
871;34525369.05;8;1;3;1;2;2024-01-01 00:19:19.229023
872;24687086.47;3;0;7;0;140;2024-01-01 16:15:42.942072
873;11306152.56;5;2;8;2;364;
874;41480601.41;4;0;6;0;300;
875;28924126.24;2;0;8;0;502;
876;35108161.19;6;3;7;3;572;
877;43102579.76;6;3;4;3;274;
878;8996881.13;5;2;7;2;402;
879;69454658.88;8;0;6;0;205;
880;27645984.53;6;0;4;0;451;
881;9351472.24;4;3;7;3;640;
882;23465201.01;5;0;1;0;304;
883;60095506.07;3;2;1;2;714;
884;24257886.96;1;0;5;0;37;2024-01-01 08:42:00.123013
885;28378539.77;5;1;3;1;45;2024-01-01 09:02:46.931800
886;77683314.97;1;0;3;0;147;2024-01-01 16:36:19.234988
887;76957584.12;4;3;1;3;677;
888;61106614.13;2;0;5;0;290;
889;20851967.66;5;0;1;0;87;2024-01-01 11:32:30.549545
890;26087639.47;6;3;7;3;173;2024-01-01 17:25:13.448340
891;18375504.72;4;3;3;3;582;
892;73059303.98;2;0;1;0;29;2024-01-01 08:18:42.636230
893;102478575.73;4;0;8;0;452;
894;50629439.64;7;0;8;0;252;
895;22177854.1;7;2;6;2;135;2024-01-01 16:02:11.519398
896;17023586.32;4;3;3;3;34;2024-01-01 08:31:56.629934
897;73059303.98;1;3;2;3;29;2024-01-01 08:15:57.879831
898;10526639.32;5;3;3;3;57;2024-01-01 09:28:30.284146
899;26087639.47;7;0;6;0;173;2024-01-01 17:26:24.269701
900;24673781.38;6;3;4;3;579;
901;17638113.78;1;0;6;0;599;
902;75573109.41;4;0;3;0;295;
903;68547300.58;4;0;1;0;426;
904;32863141.78;8;1;3;1;313;
905;11937835.82;6;0;5;0;340;
906;36744111.43;3;0;5;0;688;
907;57412915.01;7;0;3;0;262;
908;53805560.91;7;3;2;3;629;
909;76312930.63;4;0;2;0;453;
910;12819908.44;5;1;6;1;548;
911;18483730.44;2;0;8;0;171;2024-01-01 17:22:23.341109
912;35215938.35;6;1;3;1;611;
913;25188211.72;3;0;7;0;531;
914;53006643.09;1;0;5;0;75;2024-01-01 10:43:49.347986
915;40228992.08;4;0;7;0;378;
916;15491398.44;6;0;4;0;385;
917;47304821.81;4;2;8;2;742;
918;24859050.88;6;0;5;0;105;2024-01-01 13:23:38.440607
919;21577088.81;5;3;7;3;172;2024-01-01 17:23:50.845890
920;59038518.46;4;0;5;0;474;
921;12260323.28;4;1;3;1;6;2024-01-01 02:04:53.990960
922;5215751.78;5;2;6;2;253;
923;6074838.46;8;1;6;1;12;2024-01-01 04:47:50.241156
924;68876593.61;1;0;4;0;621;
925;15932870.57;5;0;8;0;620;
926;9924682.62;2;2;7;2;694;
927;8789818.71;7;0;3;0;518;
928;73441240.94;1;3;2;3;434;
929;57892237.0;8;1;7;1;246;
930;20085043.75;2;1;6;1;199;2024-01-01 23:27:49.512702
931;12764455.61;2;2;8;2;362;
932;14754777.01;6;1;3;1;367;
933;54297226.25;8;0;7;0;293;
934;11824872.37;7;2;3;2;497;
935;20598289.01;6;0;7;0;33;2024-01-01 08:31:36.119619
936;21400205.51;2;1;3;1;326;
937;15626997.57;4;2;6;2;207;
938;15503966.23;2;0;5;0;716;
939;65975408.5;4;0;6;0;261;
940;33031342.71;3;0;2;0;551;
941;67551151.0;7;0;6;0;445;
942;30660201.06;1;0;8;0;186;2024-01-01 17:53:22.061560
943;31449357.86;7;0;2;0;203;
944;15570059.96;5;0;4;0;265;
945;10975415.87;8;0;1;0;438;
946;27578672.22;6;0;5;0;149;2024-01-01 16:39:15.591783
947;24652043.92;6;0;4;0;330;
948;24824146.03;8;3;4;3;167;2024-01-01 17:07:56.359037
949;64475099.91;7;3;8;3;249;
950;66415835.31;6;1;7;1;213;
951;49672644.98;4;0;7;0;678;
952;64953329.24;7;3;1;3;427;
953;28150961.92;3;0;1;0;591;
954;4120464.95;5;0;8;0;321;
955;69153730.95;7;2;1;2;600;
956;52509820.82;7;0;3;0;226;
957;70357029.98;5;2;2;2;211;
958;52509820.82;3;1;7;1;226;
959;40674021.96;1;3;8;3;359;
960;18225740.61;6;0;3;0;615;
961;47855798.38;5;3;4;3;534;
962;8789818.71;3;3;7;3;518;
963;90071964.56;1;0;5;0;428;
964;14047302.71;2;3;4;3;734;
965;7182287.84;3;0;4;0;117;2024-01-01 14:32:16.924574
966;60488475.08;2;3;4;3;333;
967;6709483.43;6;2;3;2;471;
968;38575248.2;8;0;7;0;68;2024-01-01 10:07:10.398019
969;22854455.35;4;3;5;3;223;
970;62666180.91;8;2;2;2;160;2024-01-01 16:58:31.413508
971;6338071.17;6;0;7;0;698;
972;5374583.33;2;3;3;3;145;2024-01-01 16:24:55.040471
973;33777642.75;2;1;8;1;180;2024-01-01 17:43:06.441948
974;7276453.91;5;0;7;0;316;
975;25076035.3;5;0;8;0;119;2024-01-01 14:43:01.939302
976;49933730.46;5;2;7;2;526;
977;7666601.56;6;0;1;0;558;
978;15153297.74;2;0;1;0;83;2024-01-01 11:14:12.322390
979;73002790.83;4;3;2;3;415;
980;62340377.15;5;1;8;1;481;
981;7352438.86;1;1;5;1;565;
982;69075632.24;2;3;4;3;40;2024-01-01 08:45:56.803267
983;25954345.06;7;0;6;0;687;
984;39007355.48;7;2;2;2;430;
985;24400420.2;2;0;6;0;457;
986;19932958.17;5;0;1;0;43;2024-01-01 08:58:27.871438
987;73593931.55;1;0;7;0;618;
988;41431034.47;2;3;4;3;431;
989;35424620.28;1;0;7;0;194;2024-01-01 21:06:03.831169
990;7942351.01;8;0;1;0;16;2024-01-01 05:49:44.140441
991;29281143.86;6;3;8;3;26;2024-01-01 08:04:50.796305
992;80654840.58;6;1;4;1;27;2024-01-01 08:07:10.145556
993;8232458.08;6;0;8;0;303;
994;23126398.61;8;0;4;0;178;2024-01-01 17:40:42.658417
995;5651288.92;3;2;6;2;593;
996;26090127.22;1;2;5;2;683;
997;45567841.36;1;1;8;1;125;2024-01-01 15:17:24.332432
998;15126976.86;1;0;5;0;334;
999;57916029.31;2;0;6;0;731;
1000;20876878.94;4;2;5;2;280;
1001;36784040.04;3;0;4;0;432;
1002;73965138.63;2;0;6;0;129;2024-01-01 15:32:13.650092
1003;88102480.68;7;3;4;3;335;
1004;6962189.16;6;3;5;3;240;
1005;59233522.12;7;0;6;0;685;
1006;57196693.49;2;2;7;2;217;
1007;23126398.61;4;3;8;3;178;2024-01-01 17:37:14.859788
1008;26229154.89;5;1;7;1;536;
1009;22274944.89;7;3;5;3;482;
1010;30923105.05;3;2;7;2;468;
1011;22429362.32;4;2;6;2;652;
1012;18612413.04;3;0;6;0;161;2024-01-01 17:00:51.983329
1013;29134085.26;2;2;4;2;492;
1014;83637717.0;1;1;4;1;168;2024-01-01 17:09:32.101551
1015;11629122.42;1;1;3;1;419;
1016;24372442.4;4;3;3;3;77;2024-01-01 10:56:15.455721
1017;9260219.16;5;2;3;2;247;
1018;18494852.57;4;1;2;1;209;
1019;64508183.46;2;1;1;1;268;
1020;12735701.58;8;1;4;1;466;
1021;25202631.39;7;2;3;2;229;
1022;12562139.21;1;2;5;2;598;
1023;53848361.65;4;0;1;0;671;
1024;8819448.27;4;1;8;1;345;
1025;18767222.44;6;0;8;0;562;
1026;62666180.91;2;0;8;0;160;2024-01-01 16:59:24.604948
1027;24407450.91;4;2;5;2;717;
1028;2822590.73;5;0;4;0;76;2024-01-01 10:49:32.352724
1029;68678296.84;8;0;5;0;227;
1030;47120990.52;8;2;4;2;287;
1031;11217734.93;4;2;6;2;627;
1032;30660201.06;8;1;1;1;186;2024-01-01 17:52:58.591969
1033;64520045.63;4;0;7;0;20;2024-01-01 07:14:22.145881
1034;13488572.46;4;0;1;0;667;
1035;27317070.1;5;2;6;2;404;
1036;20061648.5;6;1;2;1;361;
1037;16683438.51;3;0;6;0;279;
1038;7055321.0;6;0;1;0;305;
1039;46748859.88;6;1;4;1;166;2024-01-01 17:06:36.163595
1040;43980451.28;2;0;1;0;499;
1041;20452486.9;5;3;1;3;114;2024-01-01 14:03:49.450985
1042;48577697.78;8;0;7;0;152;2024-01-01 16:40:38.114363
1043;65732938.09;8;0;4;0;656;
1044;58597860.86;2;0;8;0;54;2024-01-01 09:22:30.842403
1045;18612413.04;6;2;3;2;161;2024-01-01 17:00:49.456887
1046;24696781.35;2;2;3;2;79;2024-01-01 11:03:02.471312
1047;89940064.28;7;3;1;3;377;
1048;22659733.22;1;3;5;3;170;2024-01-01 17:13:51.598859
1049;25202631.39;3;0;7;0;229;
1050;61106614.13;5;3;2;3;290;
1051;20598289.01;7;3;6;3;33;2024-01-01 08:28:59.599066
1052;15763259.8;3;0;1;0;302;
1053;51293849.48;5;3;8;3;115;2024-01-01 14:11:06.981098
1054;5737253.38;4;2;3;2;208;
1055;44269400.33;7;0;2;0;191;2024-01-01 19:41:54.925928
1056;50402131.41;1;3;8;3;590;
1057;15153297.74;1;3;2;3;83;2024-01-01 11:14:08.825092
1058;22177854.1;6;0;7;0;135;2024-01-01 16:03:00.787635
1059;10397006.78;3;0;6;0;230;
1060;71045313.53;7;0;6;0;674;
1061;6709483.43;3;0;6;0;471;
1062;18495513.36;1;1;4;1;744;
1063;73965138.63;6;2;2;2;129;2024-01-01 15:29:18.163302
1064;65779334.87;5;3;2;3;36;2024-01-01 08:39:38.472778
1065;18375504.72;3;0;4;0;582;
1066;18818354.32;4;2;5;2;539;
1067;13009657.53;7;3;4;3;585;
1068;76957584.12;1;0;4;0;677;
1069;59019213.52;4;0;8;0;668;
1070;39176380.88;6;1;2;1;52;2024-01-01 09:18:53.433441
1071;14047302.71;4;0;2;0;734;
1072;49149504.86;1;0;6;0;188;2024-01-01 17:58:02.210330
1073;72323779.02;5;1;8;1;51;2024-01-01 09:16:05.645161
1074;65975408.5;6;3;4;3;261;
1075;26427932.29;3;0;1;0;661;
1076;19135529.41;6;0;5;0;162;2024-01-01 17:01:07.148821
1077;18116062.68;2;2;3;2;306;
1078;53241060.3;4;0;6;0;137;2024-01-01 16:08:22.408681
1079;20056631.22;5;0;6;0;169;2024-01-01 17:13:01.757544
1080;34322725.5;7;0;6;0;500;
1081;50629439.64;8;1;7;1;252;
1082;11398336.24;3;3;5;3;527;
1083;23624142.69;4;3;5;3;654;
1084;20056631.22;6;3;5;3;169;2024-01-01 17:11:33.630952
1085;36266860.88;4;2;7;2;216;
1086;64056029.36;6;3;4;3;486;
1087;65284215.16;8;0;1;0;596;
1088;45823972.98;7;1;8;1;418;
1089;7762955.02;2;1;7;1;284;
1090;47498217.58;2;0;6;0;719;
1091;24859050.88;5;3;6;3;105;2024-01-01 13:23:14.268066
1092;7959877.59;8;0;5;0;3;2024-01-01 00:57:44.891662
1093;73756178.92;2;0;4;0;143;2024-01-01 16:22:41.535839
1094;2956022.39;6;2;5;2;365;
1095;72579942.04;8;2;1;2;649;
1096;11052377.53;5;0;4;0;204;
1097;13670130.46;6;1;5;1;748;
1098;71343102.15;4;3;2;3;648;
1099;5374583.33;3;0;2;0;145;2024-01-01 16:25:24.218096
1100;27807056.22;1;0;4;0;325;
1101;86147351.23;7;2;1;2;470;
1102;22125563.64;7;0;2;0;327;
1103;30915195.91;7;0;3;0;324;
1104;7230827.65;5;0;1;0;608;
1105;68803573.07;8;0;2;0;594;
1106;57302331.39;7;1;1;1;276;
1107;22274944.89;5;0;7;0;482;
1108;25209064.27;8;3;6;3;84;2024-01-01 11:17:15.730190
1109;34503223.71;3;0;8;0;242;
1110;16588272.75;5;0;7;0;409;
1111;26427932.29;1;2;3;2;661;
1112;68991351.77;7;0;2;0;510;
1113;67255133.57;3;1;4;1;537;
1114;43980451.28;1;1;2;1;499;
1115;34752503.14;5;2;1;2;259;
1116;7762955.02;7;0;2;0;284;
1117;43102579.76;4;0;6;0;274;
1118;54258531.79;7;0;2;0;71;2024-01-01 10:25:47.345598
1119;11052377.53;4;1;5;1;204;
1120;23360881.25;2;3;1;3;332;
1121;15062755.12;5;3;4;3;709;
1122;50966824.52;4;0;3;0;5;2024-01-01 01:45:16.311374
1123;71045313.53;6;3;7;3;674;
1124;17638311.4;7;2;5;2;384;
1125;10319189.51;5;0;3;0;718;
1126;18361949.08;6;1;2;1;10;2024-01-01 03:35:34.577429
1127;12718385.08;5;0;1;0;439;
1128;18225330.59;5;0;4;0;571;
1129;2822590.73;4;1;5;1;76;2024-01-01 10:43:50.824912
1130;59197896.22;5;1;1;1;235;
1131;6052208.96;7;3;6;3;222;
1132;6574494.53;5;1;3;1;187;2024-01-01 17:55:51.511937
1133;11489913.58;2;0;7;0;219;
1134;10319189.51;3;1;5;1;718;
1135;57302331.39;1;0;7;0;276;
1136;52771818.14;8;0;6;0;382;
1137;71024658.03;1;0;2;0;540;
1138;80654840.58;4;0;6;0;27;2024-01-01 08:07:59.323112
1139;30595552.72;1;2;3;2;483;
1140;38722013.17;4;0;6;0;435;
1141;50340721.39;4;0;7;0;729;
1142;26891919.56;8;3;3;3;158;2024-01-01 16:55:58.517422
1143;64423735.49;6;1;2;1;44;2024-01-01 08:59:32.989963
1144;12964687.8;1;3;6;3;272;
1145;69579567.45;5;2;8;2;260;
1146;6831150.87;6;0;5;0;433;
1147;33763479.65;7;2;3;2;94;2024-01-01 12:10:50.485089
1148;16664072.56;4;0;1;0;658;
1149;62193739.34;3;3;2;3;535;
1150;48815655.34;2;0;4;0;387;
1151;15358099.34;6;1;3;1;563;
1152;12607164.69;6;0;4;0;132;2024-01-01 15:49:20.205979
1153;61919814.78;8;0;1;0;520;
1154;4600948.62;6;0;2;0;136;2024-01-01 16:07:25.694524
1155;40563203.15;3;3;8;3;641;
1156;48770268.85;1;0;7;0;228;
1157;51583921.08;3;2;8;2;469;
1158;65779334.87;2;0;5;0;36;2024-01-01 08:40:17.367035
1159;70803835.6;2;0;5;0;605;
1160;11004468.06;7;3;8;3;150;2024-01-01 16:39:29.742036
1161;50558067.81;1;0;7;0;198;2024-01-01 23:20:26.904272
1162;9966894.21;3;1;6;1;369;
1163;53896327.73;1;1;8;1;103;2024-01-01 13:18:28.279894
1164;12263717.06;3;3;5;3;602;
1165;18239879.87;3;0;1;0;603;
1166;35134081.55;3;0;1;0;164;2024-01-01 17:04:25.493645
1167;24696781.35;3;0;2;0;79;2024-01-01 11:03:35.530487
1168;36054068.95;7;3;3;3;98;2024-01-01 12:34:34.290378
1169;27181710.04;7;0;5;0;673;
1170;71024658.03;2;2;1;2;540;
1171;22891875.61;6;3;5;3;586;
1172;15921354.09;8;1;5;1;416;
1173;90071964.56;5;1;1;1;428;
1174;16305563.19;1;1;7;1;376;
1175;80652605.6;1;0;4;0;477;
1176;8811118.82;6;0;2;0;567;
1177;73258304.73;8;0;2;0;371;
1178;3727491.95;2;3;6;3;181;2024-01-01 17:43:34.183012
1179;10142015.44;5;0;8;0;420;
1180;45567841.36;8;0;1;0;125;2024-01-01 15:19:33.568103
1181;10145849.59;5;0;7;0;58;2024-01-01 09:32:52.185902
1182;27295960.36;6;0;2;0;244;
1183;86373731.72;7;3;4;3;408;
1184;55071001.05;6;1;8;1;595;
1185;12718385.08;1;1;5;1;439;
1186;9879751.47;1;3;3;3;184;2024-01-01 17:49:40.637574
1187;77520091.54;1;0;8;0;25;2024-01-01 08:04:42.600426
1188;49638477.07;5;2;8;2;655;
1189;66588284.77;7;0;8;0;635;
1190;3542118.94;6;0;4;0;202;
1191;73805089.19;3;1;8;1;61;2024-01-01 09:36:35.926344
1192;90508172.11;1;0;8;0;23;2024-01-01 08:01:56.195265
1193;11086554.79;3;0;7;0;488;
1194;10996301.17;3;2;6;2;405;
1195;7182287.84;4;1;3;1;117;2024-01-01 14:30:00.663345
1196;65005932.79;1;0;5;0;238;
1197;24815196.8;3;1;5;1;90;2024-01-01 11:48:39.564998
1198;68441923.66;8;0;3;0;165;2024-01-01 17:05:12.747855
1199;54530048.16;3;2;2;2;380;
1200;78663122.25;2;0;8;0;513;
1201;11874222.78;5;3;3;3;463;
1202;59570392.73;3;3;7;3;610;
1203;30793234.48;6;3;4;3;543;
1204;76312930.63;2;1;4;1;453;
1205;39879359.01;1;0;7;0;680;
1206;59040825.87;7;1;1;1;708;
1207;58597860.86;8;2;2;2;54;2024-01-01 09:22:26.240244
1208;42976555.42;8;2;1;2;17;2024-01-01 05:51:20.842612
1209;67551151.0;6;3;7;3;445;
1210;10975415.87;1;2;8;2;438;
1211;6580709.73;5;0;3;0;111;2024-01-01 13:54:45.504823
1212;6962189.16;5;0;6;0;240;
1213;23583602.91;8;0;3;0;28;2024-01-01 08:12:37.663879
1214;26090127.22;5;0;1;0;683;
1215;53241060.3;6;3;4;3;137;2024-01-01 16:07:26.268210
1216;10957794.38;6;0;2;0;100;2024-01-01 12:48:43.296259
1217;19412295.3;4;2;6;2;550;
1218;78663122.25;8;2;2;2;513;
1219;7942351.01;1;3;8;3;16;2024-01-01 05:49:18.096821
1220;25622162.39;3;1;4;1;642;
1221;90508172.11;8;1;1;1;23;2024-01-01 07:42:48.598801
1222;59522271.74;1;0;5;0;269;
1223;70864036.21;1;0;7;0;126;2024-01-01 15:21:01.779197
1224;47852356.58;8;0;5;0;521;
1225;13558751.77;5;0;3;0;341;
1226;64624667.17;4;0;7;0;189;2024-01-01 18:00:43.285149
1227;60118233.87;2;2;1;2;206;
1228;24081353.67;6;0;2;0;122;2024-01-01 15:04:20.887632
1229;4476288.74;2;1;6;1;686;
1230;32755022.23;8;3;7;3;14;2024-01-01 05:13:04.530024
1231;23831931.32;8;0;1;0;97;2024-01-01 12:31:35.855021
1232;25097827.95;4;0;7;0;55;2024-01-01 09:24:06.867049
1233;63876499.69;8;0;6;0;511;
1234;9641196.93;6;0;1;0;448;
1235;29992117.92;3;0;4;0;393;
1236;5866256.72;5;0;7;0;309;
1237;12884013.07;5;0;6;0;131;2024-01-01 15:41:35.533799
1238;10876848.26;8;0;2;0;70;2024-01-01 10:16:01.713740
1239;12220144.69;6;0;1;0;59;2024-01-01 09:35:11.449758
1240;85228543.9;4;2;1;2;630;
1241;5996911.82;1;2;3;2;294;
1242;15674903.78;3;0;2;0;736;
1243;31936448.37;3;3;1;3;395;
1244;6831150.87;5;2;6;2;433;
1245;15763259.8;1;1;3;1;302;
1246;35451500.94;8;2;7;2;314;
1247;34752503.14;1;0;5;0;259;
1248;21400205.51;3;0;2;0;326;
1249;50966824.52;3;3;4;3;5;2024-01-01 01:37:25.726518
1250;85269707.65;1;0;7;0;91;2024-01-01 12:01:02.236482
1251;11979386.97;6;0;8;0;298;
1252;63443805.8;6;1;8;1;21;2024-01-01 07:17:08.490763
1253;13488572.46;1;3;4;3;667;
1254;22697205.54;8;0;6;0;389;
1255;10869014.06;1;2;7;2;588;
1256;8951018.79;5;2;7;2;614;
1257;78818655.58;1;0;3;0;441;
1258;12821387.97;5;0;3;0;632;
1259;59008464.75;4;1;2;1;375;
1260;12669231.82;7;3;5;3;243;
1261;2741566.6;8;3;5;3;422;
1262;17798378.48;2;2;5;2;442;
1263;20881377.15;7;2;6;2;120;2024-01-01 14:51:16.384753
1264;26903406.79;2;0;8;0;503;
1265;20452486.9;1;0;5;0;114;2024-01-01 14:03:59.613044
1266;5604067.75;5;0;3;0;584;
1267;15621684.99;4;1;5;1;490;
1268;53848361.65;1;1;4;1;671;
1269;26901352.92;5;3;6;3;73;2024-01-01 10:34:37.234105
1270;9403670.74;2;3;3;3;197;2024-01-01 22:43:07.043705
1271;7237704.97;1;2;6;2;660;
1272;44845371.32;4;0;1;0;705;
1273;21571406.82;3;0;1;0;538;
1274;59413694.44;6;3;2;3;465;
1275;18272043.45;1;2;3;2;220;
1276;15034195.23;4;2;6;2;423;
1277;32755022.23;7;0;8;0;14;2024-01-01 05:29:53.526197
1278;41790722.62;1;0;3;0;643;
1279;10957794.38;2;3;6;3;100;2024-01-01 12:46:30.797106
1280;48577697.78;7;2;8;2;152;2024-01-01 16:40:27.338896
1281;16249110.01;5;0;7;0;237;
1282;29526340.02;6;0;3;0;251;
1283;35134081.55;1;1;3;1;164;2024-01-01 17:04:16.380678
1284;18841171.21;2;1;5;1;358;
1285;2741566.6;5;0;8;0;422;
1286;20722767.2;6;0;4;0;473;
1287;91710107.55;5;1;1;1;512;
1288;13009657.53;4;0;7;0;585;
1289;52771818.14;6;2;8;2;382;
1290;28727693.43;3;0;8;0;623;
1291;35599137.6;3;0;8;0;109;2024-01-01 13:47:54.867466
1292;37125682.66;4;0;1;0;491;
1293;68833079.94;1;0;7;0;396;
1294;36376669.09;1;3;3;3;320;
1295;23624142.69;5;0;4;0;654;
1296;25975277.04;3;0;8;0;360;
1297;67046790.42;1;1;7;1;612;
1298;22236420.31;7;2;5;2;747;
1299;49851096.91;4;3;2;3;82;2024-01-01 11:10:24.269098
1300;20881377.15;6;0;7;0;120;2024-01-01 14:52:58.962037
1301;28160621.17;7;0;2;0;394;
1302;12562139.21;5;0;1;0;598;
1303;7570263.06;5;0;7;0;684;
1304;41955357.29;1;2;4;2;107;2024-01-01 13:27:06.878124
1305;27439530.89;1;0;3;0;407;
1306;25529225.49;4;0;6;0;110;2024-01-01 13:48:29.446034
1307;68183219.37;1;0;8;0;696;
1308;11937835.82;5;2;6;2;340;
1309;31496897.16;1;0;5;0;691;
1310;12964687.8;6;0;1;0;272;
1311;63876499.69;6;3;8;3;511;
1312;85499154.12;4;0;6;0;301;
1313;17906830.76;2;1;5;1;547;
1314;8084159.66;8;0;3;0;733;
1315;73593931.55;7;1;1;1;618;
1316;21577088.81;7;0;5;0;172;2024-01-01 17:24:18.831357
1317;19412295.3;6;0;4;0;550;
1318;42989051.48;1;1;7;1;663;
1319;9072169.7;7;1;3;1;703;
1320;54530048.16;2;0;3;0;380;
1321;13023382.26;3;0;7;0;552;
1322;32568426.1;6;2;3;2;64;2024-01-01 09:42:25.682527
1323;60391184.73;7;0;2;0;66;2024-01-01 09:51:53.698899
1324;3727491.95;6;0;2;0;181;2024-01-01 17:44:27.506460
1325;70566350.27;7;0;8;0;480;
1326;9807289.44;7;2;5;2;174;2024-01-01 17:26:27.238983
1327;26544684.4;8;0;3;0;653;
1328;51286652.48;4;0;3;0;53;2024-01-01 09:22:03.338068
1329;22613865.58;5;0;4;0;89;2024-01-01 11:38:30.930400
1330;50937340.43;4;0;7;0;116;2024-01-01 14:14:46.585391
1331;7614104.21;5;2;6;2;133;2024-01-01 15:50:20.064897
1332;77520091.54;8;1;1;1;25;2024-01-01 08:04:40.086168
1333;16664072.56;1;1;4;1;658;
1334;34517627.77;4;0;2;0;713;
1335;43215109.68;2;0;1;0;739;
1336;69579567.45;8;0;5;0;260;
1337;34210611.74;8;0;5;0;566;
1338;50263859.25;8;0;7;0;182;2024-01-01 17:47:53.421596
1339;10397006.78;6;2;3;2;230;
1340;27698498.32;6;0;5;0;525;
1341;40251904.96;3;1;2;1;339;
1342;61407834.65;7;0;6;0;690;
1343;46748859.88;4;0;6;0;166;2024-01-01 17:07:17.707749
1344;42976555.42;1;0;8;0;17;2024-01-01 05:55:27.091361
1345;63075163.87;2;0;1;0;542;
1346;12676736.71;3;0;1;0;679;
1347;18239879.87;1;3;3;3;603;
1348;54297226.25;7;1;8;1;293;
1349;9641196.93;1;2;6;2;448;
1350;14501349.4;2;0;6;0;554;
1351;24542323.18;3;0;6;0;487;
1352;79011961.74;2;0;3;0;95;2024-01-01 12:28:31.545579
1353;15920455.17;5;0;2;0;750;
1354;70840445.32;5;3;4;3;331;
1355;7614104.21;6;0;5;0;133;2024-01-01 15:55:06.275786
1356;50643036.56;2;0;3;0;48;2024-01-01 09:08:57.214695
1357;9924682.62;7;0;2;0;694;
1358;18139156.65;5;0;8;0;185;2024-01-01 17:51:40.542541
1359;15743342.62;8;1;6;1;410;
1360;35950188.43;4;0;8;0;74;2024-01-01 10:40:16.902186
1361;70108836.27;6;2;7;2;743;
1362;23465201.01;1;3;5;3;304;
1363;4476288.74;6;0;2;0;686;
1364;35108161.19;7;0;6;0;572;
1365;17370992.11;1;3;8;3;475;
1366;25954345.06;6;3;7;3;687;
1367;6338071.17;7;1;6;1;698;
1368;28378539.77;3;0;5;0;45;2024-01-01 09:04:50.875776
1369;80481619.73;4;1;1;1;354;
1370;47946754.96;6;1;8;1;323;
1371;49455034.94;2;1;8;1;337;
1372;41789242.88;1;0;7;0;701;
1373;17798378.48;5;0;2;0;442;
1374;16612038.22;5;0;8;0;201;
1375;47855798.38;4;0;5;0;534;
1376;23640402.8;5;0;6;0;368;
1377;42741944.26;4;0;3;0;440;
1378;8503984.09;6;0;1;0;692;
1379;35424620.28;7;3;1;3;194;2024-01-01 20:56:02.320118
1380;25588699.11;3;0;4;0;569;
1381;27698498.32;5;3;6;3;525;
1382;52526202.18;7;0;2;0;529;
1383;15570059.96;4;3;5;3;265;
1384;58961739.74;4;0;6;0;544;
1385;59570392.73;7;0;3;0;610;
1386;15626997.57;6;0;4;0;207;
1387;24684172.12;6;0;7;0;476;
1388;13746103.33;7;1;8;1;270;
1389;41673803.5;1;0;6;0;193;2024-01-01 20:36:24.573193
1390;7274696.46;5;2;3;2;49;2024-01-01 09:09:30.065331
1391;37125682.66;1;2;4;2;491;
1392;14042196.43;7;0;5;0;258;
1393;9797224.93;1;1;8;1;347;
1394;33777642.75;8;0;2;0;180;2024-01-01 17:43:32.256700
1395;82145091.0;5;3;4;3;370;
1396;78818655.58;3;3;1;3;441;
1397;68876593.61;4;1;1;1;621;
1398;74285006.42;3;2;4;2;322;
1399;44845371.32;1;1;4;1;705;
1400;29636115.49;1;0;3;0;128;2024-01-01 15:28:42.597381
1401;25386333.79;5;3;6;3;728;
1402;68678296.84;5;2;8;2;227;
1403;42706343.76;2;0;6;0;414;
1404;66914957.29;4;0;7;0;411;
1405;22613865.58;4;1;5;1;89;2024-01-01 11:37:40.471960
1406;41143375.72;4;0;6;0;146;2024-01-01 16:33:35.394952
1407;9966894.21;6;0;3;0;369;
1408;60148242.15;8;0;2;0;15;2024-01-01 05:47:18.734254
1409;21988993.71;5;0;7;0;352;
1410;19720794.4;1;0;6;0;467;
1411;10900200.4;5;0;1;0;617;
1412;69368934.94;1;0;2;0;374;
1413;73756178.92;4;2;2;2;143;2024-01-01 16:19:45.543733
1414;12744355.28;8;1;5;1;458;
1415;77331034.15;4;0;3;0;741;
1416;16676715.2;5;0;4;0;239;
1417;38955419.2;8;0;1;0;311;
1418;20876878.94;5;0;4;0;280;
1419;17643466.64;1;0;5;0;638;
1420;57916029.31;6;2;2;2;731;
1421;15491398.44;4;1;6;1;385;
1422;23094838.4;5;1;8;1;724;
1423;29526340.02;3;1;6;1;251;
1424;77331034.15;3;1;4;1;741;
1425;13558751.77;3;1;5;1;341;
1426;14011116.03;6;1;5;1;498;
1427;42491120.62;6;3;8;3;344;
1428;23583602.91;3;1;8;1;28;2024-01-01 08:08:06.597100
1429;12316332.4;3;0;5;0;232;
1430;8972197.88;8;1;7;1;342;
1431;49638477.07;8;0;5;0;655;
1432;23198289.26;8;0;2;0;233;
1433;10788042.8;4;2;8;2;715;
1434;41564186.73;3;2;7;2;7;2024-01-01 02:18:30.267664
1435;54827593.23;8;0;6;0;460;
1436;11406555.86;5;0;1;0;225;
1437;49098900.41;8;2;2;2;41;2024-01-01 08:52:27.626066
1438;20586165.64;2;0;8;0;577;
1439;60148242.15;2;2;8;2;15;2024-01-01 05:35:11.137335
1440;64384059.92;8;1;1;1;722;
1441;69153730.95;1;0;7;0;600;
1442;7930111.23;8;0;2;0;308;
1443;83513677.2;2;2;1;2;557;
1444;50263859.25;7;2;8;2;182;2024-01-01 17:45:46.418320
1445;49851096.91;2;0;4;0;82;2024-01-01 11:12:22.621124
1446;32568426.1;3;0;6;0;64;2024-01-01 09:42:40.651519
1447;26193719.24;8;3;6;3;155;2024-01-01 16:47:13.016738
1448;34344364.88;8;2;7;2;351;
1449;24549944.31;1;0;3;0;373;
1450;33031342.71;2;1;3;1;551;
1451;7979838.5;5;0;2;0;634;
1452;32456634.99;8;0;5;0;532;
1453;30922880.22;7;3;2;3;725;
1454;30545817.12;3;0;6;0;24;2024-01-01 08:04:19.000545
1455;64884550.33;4;0;2;0;42;2024-01-01 08:55:39.055215
1456;9606482.99;3;2;6;2;514;
1457;7762597.65;6;0;1;0;78;2024-01-01 11:03:00.327246
1458;27035809.83;6;3;7;3;625;
1459;59008464.75;2;0;4;0;375;
1460;24652043.92;4;3;6;3;330;
1461;38235931.64;8;3;4;3;47;2024-01-01 09:08:04.146164
1462;16155823.02;4;0;3;0;338;
1463;32863141.78;3;0;8;0;313;
1464;22403271.89;1;1;3;1;737;
1465;35599137.6;8;2;3;2;109;2024-01-01 13:39:55.733115
1466;24717880.46;2;2;6;2;13;2024-01-01 04:52:25.532996
1467;6158645.48;5;0;8;0;267;
1468;41828120.77;5;2;8;2;292;
1469;102478575.73;8;3;4;3;452;
1470;16683438.51;6;2;3;2;279;
1471;12884013.07;6;3;5;3;131;2024-01-01 15:41:33.323938
1472;64520045.63;7;3;4;3;20;2024-01-01 06:50:43.337232
1473;15191941.99;4;0;7;0;144;2024-01-01 16:24:46.816222
1474;67718144.47;4;3;1;3;319;
1475;12238245.29;8;1;5;1;745;
1476;25386333.79;6;0;5;0;728;
1477;58057680.89;8;0;7;0;597;
1478;70732335.19;1;2;4;2;271;
1479;22835028.24;7;1;6;1;587;
1480;85269707.65;7;2;1;2;91;2024-01-01 11:57:05.078042
1481;58499993.63;7;0;8;0;639;
1482;9320245.19;6;0;2;0;221;
1483;53662039.31;2;0;7;0;215;
1484;5212257.53;6;0;8;0;8;2024-01-01 02:34:32.496401
1485;70357029.98;2;0;5;0;211;
1486;47304821.81;8;0;4;0;742;
1487;85228543.9;1;0;4;0;630;
1488;83637717.0;4;0;1;0;168;2024-01-01 17:11:08.026316
1489;16155823.02;3;2;4;2;338;
1490;14020585.99;2;2;6;2;401;
1491;61919814.78;1;1;8;1;520;
1492;42416606.27;7;0;3;0;637;
1493;16249110.01;7;2;5;2;237;
1494;27317070.1;6;0;5;0;404;
1495;41865600.48;5;2;2;2;388;
1496;73805089.19;8;0;3;0;61;2024-01-01 09:39:12.840564
1497;22274185.03;7;0;6;0;735;
1498;17023586.32;3;0;4;0;34;2024-01-01 08:32:59.359832
1499;68077145.67;4;0;8;0;214;
1500;65624261.66;1;1;4;1;104;2024-01-01 13:20:39.207914
